{"cameraMode":{"drawMode":0,"name":"Shaded","section":"Shading Mode"},"sceneLighting":true,"audioPlay":false,"sceneViewState":{"m_AlwaysRefresh":true,"showFog":true,"showSkybox":true,"showFlares":true,"showImageEffects":true,"showParticleSystems":true,"showVisualEffectGraphs":true,"m_FxEnabled":true},"in2DMode":false,"pivot":{"x":-273.4544372558594,"y":-104.08372497558594,"z":61.872352600097659},"rotation":{"x":0.13514867424964906,"y":-0.6280015110969544,"z":0.1119496077299118,"w":0.7581409215927124},"size":159.92030334472657,"orthographic":false}